1/1/2017,5:44,5:54,7:17,13:18,16:41,19:16,20:31
2/1/2017,5:45,5:55,7:17,13:18,16:42,19:17,20:31
3/1/2017,5:45,5:55,7:17,13:19,16:42,19:17,20:32
4/1/2017,5:46,5:56,7:18,13:19,16:42,19:18,20:32
5/1/2017,5:46,5:56,7:18,13:20,16:43,19:18,20:32
6/1/2017,5:47,5:57,7:19,13:20,16:43,19:19,20:33
7/1/2017,5:47,5:57,7:19,13:21,16:44,19:19,20:33
8/1/2017,5:48,5:58,7:20,13:21,16:44,19:19,20:34
9/1/2017,5:48,5:58,7:20,13:21,16:45,19:20,20:34
10/1/2017,5:49,5:59,7:20,13:22,16:45,19:20,20:34
11/1/2017,5:49,5:59,7:21,13:22,16:45,19:21,20:35
12/1/2017,5:49,5:59,7:21,13:23,16:46,19:21,20:35
13/1/2017,5:50,6:00,7:21,13:23,16:46,19:22,20:35
14/1/2017,5:50,6:00,7:22,13:23,16:46,19:22,20:36
15/1/2017,5:51,6:01,7:22,13:24,16:47,19:22,20:36
16/1/2017,5:51,6:01,7:22,13:24,16:47,19:23,20:36
17/1/2017,5:52,6:02,7:23,13:24,16:47,19:23,20:37
18/1/2017,5:52,6:02,7:23,13:25,16:47,19:23,20:37
19/1/2017,5:52,6:02,7:23,13:25,16:48,19:24,20:37
20/1/2017,5:53,6:03,7:23,13:25,16:48,19:24,20:37
21/1/2017,5:53,6:03,7:24,13:26,16:48,19:24,20:37
22/1/2017,5:53,6:03,7:24,13:26,16:48,19:25,20:38
23/1/2017,5:54,6:04,7:24,13:26,16:48,19:25,20:38
24/1/2017,5:54,6:04,7:24,13:26,16:49,19:25,20:38
25/1/2017,5:54,6:04,7:25,13:27,16:49,19:26,20:38
26/1/2017,5:55,6:05,7:25,13:27,16:49,19:26,20:38
27/1/2017,5:55,6:05,7:25,13:27,16:49,19:26,20:39
28/1/2017,5:55,6:05,7:25,13:27,16:49,19:26,20:39
29/1/2017,5:56,6:06,7:25,13:27,16:49,19:27,20:39
30/1/2017,5:56,6:06,7:25,13:28,16:49,19:27,20:39
31/1/2017,5:56,6:06,7:25,13:28,16:49,19:27,20:39
1/2/2017,5:56,6:06,7:25,13:28,16:49,19:27,20:39
2/2/2017,5:56,6:06,7:26,13:28,16:49,19:27,20:39
3/2/2017,5:57,6:07,7:26,13:28,16:49,19:28,20:39
4/2/2017,5:57,6:07,7:26,13:28,16:49,19:28,20:39
5/2/2017,5:57,6:07,7:26,13:28,16:49,19:28,20:39
6/2/2017,5:57,6:07,7:26,13:28,16:49,19:28,20:39
7/2/2017,5:57,6:07,7:26,13:28,16:49,19:28,20:39
8/2/2017,5:57,6:07,7:26,13:29,16:49,19:28,20:39
9/2/2017,5:57,6:07,7:26,13:29,16:48,19:28,20:39
10/2/2017,5:57,6:07,7:26,13:29,16:48,19:28,20:39
11/2/2017,5:58,6:08,7:26,13:29,16:48,19:28,20:39
12/2/2017,5:58,6:08,7:26,13:29,16:48,19:28,20:39
13/2/2017,5:58,6:08,7:25,13:29,16:47,19:29,20:39
14/2/2017,5:58,6:08,7:25,13:29,16:47,19:29,20:39
15/2/2017,5:58,6:08,7:25,13:28,16:47,19:29,20:39
16/2/2017,5:58,6:08,7:25,13:28,16:47,19:29,20:39
17/2/2017,5:58,6:08,7:25,13:28,16:46,19:29,20:39
18/2/2017,5:58,6:08,7:25,13:28,16:46,19:29,20:39
19/2/2017,5:58,6:08,7:25,13:28,16:46,19:28,20:38
20/2/2017,5:57,6:07,7:25,13:28,16:45,19:28,20:38
21/2/2017,5:57,6:07,7:24,13:28,16:45,19:28,20:38
22/2/2017,5:57,6:07,7:24,13:28,16:44,19:28,20:38
23/2/2017,5:57,6:07,7:24,13:28,16:44,19:28,20:38
24/2/2017,5:57,6:07,7:24,13:28,16:43,19:28,20:38
25/2/2017,5:57,6:07,7:24,13:27,16:43,19:28,20:38
26/2/2017,5:57,6:07,7:23,13:27,16:42,19:28,20:37
27/2/2017,5:57,6:07,7:23,13:27,16:42,19:28,20:37
28/2/2017,5:56,6:06,7:23,13:27,16:41,19:28,20:37
1/3/2017,5:56,6:06,7:23,13:27,16:41,19:28,20:37
2/3/2017,5:56,6:06,7:22,13:26,16:40,19:28,20:37
3/3/2017,5:56,6:06,7:22,13:26,16:39,19:27,20:37
4/3/2017,5:56,6:06,7:22,13:26,16:39,19:27,20:36
5/3/2017,5:55,6:05,7:22,13:26,16:38,19:27,20:36
6/3/2017,5:55,6:05,7:21,13:26,16:37,19:27,20:36
7/3/2017,5:55,6:05,7:21,13:25,16:37,19:27,20:36
8/3/2017,5:55,6:05,7:21,13:25,16:36,19:27,20:36
9/3/2017,5:54,6:04,7:20,13:25,16:35,19:26,20:35
10/3/2017,5:54,6:04,7:20,13:25,16:34,19:26,20:35
11/3/2017,5:54,6:04,7:20,13:24,16:33,19:26,20:35
12/3/2017,5:53,6:03,7:19,13:24,16:33,19:26,20:35
13/3/2017,5:53,6:03,7:19,13:24,16:32,19:26,20:34
14/3/2017,5:53,6:03,7:19,13:24,16:31,19:25,20:34
15/3/2017,5:52,6:02,7:18,13:23,16:30,19:25,20:34
16/3/2017,5:52,6:02,7:18,13:23,16:29,19:25,20:34
17/3/2017,5:52,6:02,7:18,13:23,16:28,19:25,20:34
18/3/2017,5:51,6:01,7:17,13:22,16:27,19:25,20:33
19/3/2017,5:51,6:01,7:17,13:22,16:27,19:24,20:33
20/3/2017,5:51,6:01,7:16,13:22,16:26,19:24,20:33
21/3/2017,5:50,6:00,7:16,13:22,16:25,19:24,20:33
22/3/2017,5:50,6:00,7:16,13:21,16:24,19:24,20:32
23/3/2017,5:50,6:00,7:15,13:21,16:23,19:23,20:32
24/3/2017,5:49,5:59,7:15,13:21,16:22,19:23,20:32
25/3/2017,5:49,5:59,7:15,13:20,16:21,19:23,20:32
26/3/2017,5:48,5:58,7:14,13:20,16:20,19:23,20:32
27/3/2017,5:48,5:58,7:14,13:20,16:19,19:22,20:31
28/3/2017,5:48,5:58,7:14,13:19,16:20,19:22,20:31
29/3/2017,5:47,5:57,7:13,13:19,16:20,19:22,20:31
30/3/2017,5:47,5:57,7:13,13:19,16:21,19:22,20:31
31/3/2017,5:46,5:56,7:12,13:19,16:21,19:22,20:31
1/4/2017,5:46,5:56,7:12,13:18,16:22,19:21,20:30
2/4/2017,5:46,5:56,7:12,13:18,16:22,19:21,20:30
3/4/2017,5:45,5:55,7:11,13:18,16:22,19:21,20:30
4/4/2017,5:45,5:55,7:11,13:17,16:23,19:21,20:30
5/4/2017,5:44,5:54,7:11,13:17,16:23,19:20,20:30
6/4/2017,5:44,5:54,7:10,13:17,16:23,19:20,20:30
7/4/2017,5:43,5:53,7:10,13:17,16:24,19:20,20:29
8/4/2017,5:43,5:53,7:10,13:16,16:24,19:20,20:29
9/4/2017,5:43,5:53,7:09,13:16,16:25,19:20,20:29
10/4/2017,5:42,5:52,7:09,13:16,16:25,19:19,20:29
11/4/2017,5:42,5:52,7:08,13:15,16:25,19:19,20:29
12/4/2017,5:41,5:51,7:08,13:15,16:25,19:19,20:29
13/4/2017,5:41,5:51,7:08,13:15,16:26,19:19,20:29
14/4/2017,5:41,5:51,7:08,13:15,16:26,19:19,20:29
15/4/2017,5:40,5:50,7:07,13:14,16:26,19:18,20:28
16/4/2017,5:40,5:50,7:07,13:14,16:27,19:18,20:28
17/4/2017,5:39,5:49,7:07,13:14,16:27,19:18,20:28
18/4/2017,5:39,5:49,7:06,13:14,16:27,19:18,20:28
19/4/2017,5:39,5:49,7:06,13:13,16:27,19:18,20:28
20/4/2017,5:38,5:48,7:06,13:13,16:28,19:18,20:28
21/4/2017,5:38,5:48,7:05,13:13,16:28,19:18,20:28
22/4/2017,5:37,5:47,7:05,13:13,16:28,19:17,20:28
23/4/2017,5:37,5:47,7:05,13:13,16:28,19:17,20:28
24/4/2017,5:37,5:47,7:05,13:12,16:28,19:17,20:28
25/4/2017,5:36,5:46,7:04,13:12,16:29,19:17,20:28
26/4/2017,5:36,5:46,7:04,13:12,16:29,19:17,20:28
27/4/2017,5:36,5:46,7:04,13:12,16:29,19:17,20:28
28/4/2017,5:35,5:45,7:04,13:12,16:29,19:17,20:28
29/4/2017,5:35,5:45,7:04,13:12,16:30,19:17,20:28
30/4/2017,5:35,5:45,7:03,13:12,16:30,19:17,20:28
1/5/2017,5:34,5:44,7:03,13:11,16:30,19:17,20:28
2/5/2017,5:34,5:44,7:03,13:11,16:30,19:17,20:28
3/5/2017,5:34,5:44,7:03,13:11,16:30,19:17,20:28
4/5/2017,5:34,5:44,7:03,13:11,16:31,19:16,20:28
5/5/2017,5:33,5:43,7:03,13:11,16:31,19:16,20:28
6/5/2017,5:33,5:43,7:02,13:11,16:31,19:16,20:28
7/5/2017,5:33,5:43,7:02,13:11,16:31,19:16,20:29
8/5/2017,5:33,5:43,7:02,13:11,16:31,19:16,20:29
9/5/2017,5:32,5:42,7:02,13:11,16:32,19:16,20:29
10/5/2017,5:32,5:42,7:02,13:11,16:32,19:16,20:29
11/5/2017,5:32,5:42,7:02,13:11,16:32,19:16,20:29
12/5/2017,5:32,5:42,7:02,13:11,16:32,19:16,20:29
13/5/2017,5:31,5:41,7:02,13:11,16:32,19:17,20:29
14/5/2017,5:31,5:41,7:02,13:11,16:33,19:17,20:30
15/5/2017,5:31,5:41,7:02,13:11,16:33,19:17,20:30
16/5/2017,5:31,5:41,7:02,13:11,16:33,19:17,20:30
17/5/2017,5:31,5:41,7:02,13:11,16:33,19:17,20:30
18/5/2017,5:31,5:41,7:02,13:11,16:34,19:17,20:30
19/5/2017,5:31,5:41,7:02,13:11,16:34,19:17,20:30
20/5/2017,5:30,5:40,7:02,13:11,16:34,19:17,20:31
21/5/2017,5:30,5:40,7:02,13:11,16:34,19:17,20:31
22/5/2017,5:30,5:40,7:02,13:11,16:34,19:17,20:31
23/5/2017,5:30,5:40,7:02,13:11,16:35,19:17,20:31
24/5/2017,5:30,5:40,7:02,13:11,16:35,19:18,20:32
25/5/2017,5:30,5:40,7:02,13:11,16:35,19:18,20:32
26/5/2017,5:30,5:40,7:02,13:11,16:35,19:18,20:32
27/5/2017,5:30,5:40,7:02,13:11,16:36,19:18,20:32
28/5/2017,5:30,5:40,7:02,13:12,16:36,19:18,20:32
29/5/2017,5:30,5:40,7:02,13:12,16:36,19:18,20:33
30/5/2017,5:30,5:40,7:02,13:12,16:36,19:18,20:33
31/5/2017,5:30,5:40,7:02,13:12,16:37,19:19,20:33
1/6/2017,5:30,5:40,7:02,13:12,16:37,19:19,20:34
2/6/2017,5:30,5:40,7:03,13:12,16:37,19:19,20:34
3/6/2017,5:30,5:40,7:03,13:12,16:37,19:19,20:34
4/6/2017,5:30,5:40,7:03,13:13,16:38,19:19,20:34
5/6/2017,5:30,5:40,7:03,13:13,16:38,19:20,20:35
6/6/2017,5:30,5:40,7:03,13:13,16:38,19:20,20:35
7/6/2017,5:30,5:40,7:03,13:13,16:38,19:20,20:35
8/6/2017,5:30,5:40,7:03,13:13,16:39,19:20,20:35
9/6/2017,5:31,5:41,7:04,13:14,16:39,19:20,20:36
10/6/2017,5:31,5:41,7:04,13:14,16:39,19:21,20:36
11/6/2017,5:31,5:41,7:04,13:14,16:39,19:21,20:36
12/6/2017,5:31,5:41,7:04,13:14,16:40,19:21,20:36
13/6/2017,5:31,5:41,7:04,13:14,16:40,19:21,20:37
14/6/2017,5:31,5:41,7:05,13:15,16:40,19:22,20:37
15/6/2017,5:31,5:41,7:05,13:15,16:40,19:22,20:37
16/6/2017,5:32,5:42,7:05,13:15,16:41,19:22,20:37
17/6/2017,5:32,5:42,7:05,13:15,16:41,19:22,20:38
18/6/2017,5:32,5:42,7:05,13:15,16:41,19:22,20:38
19/6/2017,5:32,5:42,7:06,13:16,16:41,19:23,20:38
20/6/2017,5:32,5:42,7:06,13:16,16:41,19:23,20:38
21/6/2017,5:33,5:43,7:06,13:16,16:42,19:23,20:39
22/6/2017,5:33,5:43,7:06,13:16,16:42,19:23,20:39
23/6/2017,5:33,5:43,7:06,13:17,16:42,19:24,20:39
24/6/2017,5:33,5:43,7:07,13:17,16:42,19:24,20:39
25/6/2017,5:34,5:44,7:07,13:17,16:42,19:24,20:39
26/6/2017,5:34,5:44,7:07,13:17,16:43,19:24,20:40
27/6/2017,5:34,5:44,7:07,13:17,16:43,19:24,20:40
28/6/2017,5:34,5:44,7:08,13:18,16:43,19:25,20:40
29/6/2017,5:35,5:45,7:08,13:18,16:43,19:25,20:40
30/6/2017,5:35,5:45,7:08,13:18,16:43,19:25,20:40
1/7/2017,5:35,5:45,7:08,13:18,16:44,19:25,20:40
2/7/2017,5:35,5:45,7:08,13:18,16:44,19:25,20:40
3/7/2017,5:36,5:46,7:09,13:19,16:44,19:25,20:41
4/7/2017,5:36,5:46,7:09,13:19,16:44,19:26,20:41
5/7/2017,5:36,5:46,7:09,13:19,16:44,19:26,20:41
6/7/2017,5:36,5:46,7:09,13:19,16:44,19:26,20:41
7/7/2017,5:37,5:47,7:09,13:19,16:44,19:26,20:41
8/7/2017,5:37,5:47,7:10,13:19,16:44,19:26,20:41
9/7/2017,5:37,5:47,7:10,13:20,16:44,19:26,20:41
10/7/2017,5:37,5:47,7:10,13:20,16:44,19:26,20:41
11/7/2017,5:38,5:48,7:10,13:20,16:44,19:26,20:41
12/7/2017,5:38,5:48,7:10,13:20,16:45,19:27,20:41
13/7/2017,5:38,5:48,7:10,13:20,16:45,19:27,20:41
14/7/2017,5:38,5:48,7:11,13:20,16:45,19:27,20:41
15/7/2017,5:39,5:49,7:11,13:20,16:45,19:27,20:41
16/7/2017,5:39,5:49,7:11,13:20,16:45,19:27,20:41
17/7/2017,5:39,5:49,7:11,13:20,16:44,19:27,20:41
18/7/2017,5:39,5:49,7:11,13:21,16:44,19:27,20:41
19/7/2017,5:39,5:49,7:11,13:21,16:44,19:27,20:41
20/7/2017,5:40,5:50,7:11,13:21,16:44,19:27,20:41
21/7/2017,5:40,5:50,7:11,13:21,16:44,19:27,20:41
22/7/2017,5:40,5:50,7:11,13:21,16:44,19:27,20:41
23/7/2017,5:40,5:50,7:12,13:21,16:44,19:27,20:41
24/7/2017,5:40,5:50,7:12,13:21,16:44,19:27,20:40
25/7/2017,5:41,5:51,7:12,13:21,16:44,19:27,20:40
26/7/2017,5:41,5:51,7:12,13:21,16:43,19:27,20:40
27/7/2017,5:41,5:51,7:12,13:21,16:43,19:27,20:40
28/7/2017,5:41,5:51,7:12,13:21,16:43,19:27,20:40
29/7/2017,5:41,5:51,7:12,13:21,16:43,19:27,20:40
30/7/2017,5:41,5:51,7:12,13:21,16:43,19:27,20:39
31/7/2017,5:42,5:52,7:12,13:21,16:42,19:27,20:39
1/8/2017,5:42,5:52,7:12,13:21,16:42,19:26,20:39
2/8/2017,5:42,5:52,7:12,13:21,16:42,19:26,20:39
3/8/2017,5:42,5:52,7:12,13:21,16:41,19:26,20:38
4/8/2017,5:42,5:52,7:12,13:20,16:41,19:26,20:38
5/8/2017,5:42,5:52,7:12,13:20,16:41,19:26,20:38
6/8/2017,5:42,5:52,7:12,13:20,16:40,19:26,20:38
7/8/2017,5:42,5:52,7:12,13:20,16:40,19:26,20:37
8/8/2017,5:42,5:52,7:12,13:20,16:39,19:25,20:37
9/8/2017,5:42,5:52,7:11,13:20,16:39,19:25,20:37
10/8/2017,5:42,5:52,7:11,13:20,16:39,19:25,20:36
11/8/2017,5:42,5:52,7:11,13:20,16:38,19:25,20:36
12/8/2017,5:42,5:52,7:11,13:19,16:38,19:24,20:36
13/8/2017,5:42,5:52,7:11,13:19,16:37,19:24,20:35
14/8/2017,5:42,5:52,7:11,13:19,16:37,19:24,20:35
15/8/2017,5:42,5:52,7:11,13:19,16:36,19:24,20:35
16/8/2017,5:42,5:52,7:11,13:19,16:35,19:23,20:34
17/8/2017,5:42,5:52,7:11,13:18,16:35,19:23,20:34
18/8/2017,5:42,5:52,7:10,13:18,16:34,19:23,20:34
19/8/2017,5:42,5:52,7:10,13:18,16:34,19:23,20:33
20/8/2017,5:42,5:52,7:10,13:18,16:33,19:22,20:33
21/8/2017,5:42,5:52,7:10,13:18,16:32,19:22,20:32
22/8/2017,5:42,5:52,7:10,13:17,16:32,19:22,20:32
23/8/2017,5:42,5:52,7:09,13:17,16:31,19:21,20:32
24/8/2017,5:42,5:52,7:09,13:17,16:30,19:21,20:31
25/8/2017,5:42,5:52,7:09,13:16,16:29,19:21,20:31
26/8/2017,5:42,5:52,7:09,13:16,16:29,19:20,20:30
27/8/2017,5:42,5:52,7:09,13:16,16:28,19:20,20:30
28/8/2017,5:41,5:51,7:08,13:16,16:27,19:20,20:29
29/8/2017,5:41,5:51,7:08,13:15,16:26,19:19,20:29
30/8/2017,5:41,5:51,7:08,13:15,16:25,19:19,20:29
31/8/2017,5:41,5:51,7:08,13:15,16:25,19:19,20:28
1/9/2017,5:41,5:51,7:07,13:14,16:24,19:18,20:28
2/9/2017,5:41,5:51,7:07,13:14,16:23,19:18,20:27
3/9/2017,5:40,5:50,7:07,13:14,16:22,19:17,20:27
4/9/2017,5:40,5:50,7:07,13:13,16:21,19:17,20:26
5/9/2017,5:40,5:50,7:06,13:13,16:20,19:17,20:26
6/9/2017,5:40,5:50,7:06,13:13,16:19,19:16,20:25
7/9/2017,5:40,5:50,7:06,13:12,16:18,19:16,20:25
8/9/2017,5:39,5:49,7:06,13:12,16:17,19:15,20:24
9/9/2017,5:39,5:49,7:05,13:12,16:16,19:15,20:24
10/9/2017,5:39,5:49,7:05,13:11,16:15,19:14,20:23
11/9/2017,5:39,5:49,7:05,13:11,16:14,19:14,20:23
12/9/2017,5:38,5:48,7:04,13:11,16:13,19:14,20:23
13/9/2017,5:38,5:48,7:04,13:10,16:12,19:13,20:22
14/9/2017,5:38,5:48,7:04,13:10,16:11,19:13,20:22
15/9/2017,5:38,5:48,7:04,13:10,16:09,19:12,20:21
16/9/2017,5:37,5:47,7:03,13:09,16:08,19:12,20:21
17/9/2017,5:37,5:47,7:03,13:09,16:09,19:12,20:20
18/9/2017,5:37,5:47,7:03,13:09,16:09,19:11,20:20
19/9/2017,5:37,5:47,7:02,13:08,16:09,19:11,20:19
20/9/2017,5:36,5:46,7:02,13:08,16:10,19:10,20:19
21/9/2017,5:36,5:46,7:02,13:07,16:10,19:10,20:19
22/9/2017,5:36,5:46,7:02,13:07,16:10,19:09,20:18
23/9/2017,5:36,5:46,7:01,13:07,16:11,19:09,20:18
24/9/2017,5:35,5:45,7:01,13:06,16:11,19:09,20:17
25/9/2017,5:35,5:45,7:01,13:06,16:11,19:08,20:17
26/9/2017,5:35,5:45,7:01,13:06,16:12,19:08,20:16
27/9/2017,5:34,5:44,7:00,13:05,16:12,19:07,20:16
28/9/2017,5:34,5:44,7:00,13:05,16:12,19:07,20:16
29/9/2017,5:34,5:44,7:00,13:05,16:12,19:07,20:15
30/9/2017,5:34,5:44,6:59,13:04,16:13,19:06,20:15
1/10/2017,5:33,5:43,6:59,13:04,16:13,19:06,20:15
2/10/2017,5:33,5:43,6:59,13:04,16:13,19:05,20:14
3/10/2017,5:33,5:43,6:59,13:03,16:13,19:05,20:14
4/10/2017,5:33,5:43,6:58,13:03,16:13,19:05,20:13
5/10/2017,5:32,5:42,6:58,13:03,16:14,19:04,20:13
6/10/2017,5:32,5:42,6:58,13:02,16:14,19:04,20:13
7/10/2017,5:32,5:42,6:58,13:02,16:14,19:03,20:13
8/10/2017,5:31,5:41,6:58,13:02,16:14,19:03,20:12
9/10/2017,5:31,5:41,6:57,13:02,16:14,19:03,20:12
10/10/2017,5:31,5:41,6:57,13:01,16:14,19:02,20:12
11/10/2017,5:31,5:41,6:57,13:01,16:15,19:02,20:11
12/10/2017,5:30,5:40,6:57,13:01,16:15,19:02,20:11
13/10/2017,5:30,5:40,6:57,13:01,16:15,19:01,20:11
14/10/2017,5:30,5:40,6:56,13:00,16:15,19:01,20:11
15/10/2017,5:30,5:40,6:56,13:00,16:15,19:01,20:10
16/10/2017,5:29,5:39,6:56,13:00,16:15,19:01,20:10
17/10/2017,5:29,5:39,6:56,13:00,16:15,19:00,20:10
18/10/2017,5:29,5:39,6:56,13:00,16:16,19:00,20:10
19/10/2017,5:29,5:39,6:56,12:59,16:16,19:00,20:10
20/10/2017,5:29,5:39,6:56,12:59,16:16,19:00,20:09
21/10/2017,5:28,5:38,6:55,12:59,16:16,18:59,20:09
22/10/2017,5:28,5:38,6:55,12:59,16:16,18:59,20:09
23/10/2017,5:28,5:38,6:55,12:59,16:16,18:59,20:09
24/10/2017,5:28,5:38,6:55,12:59,16:16,18:59,20:09
25/10/2017,5:28,5:38,6:55,12:58,16:17,18:59,20:09
26/10/2017,5:28,5:38,6:55,12:58,16:17,18:58,20:09
27/10/2017,5:27,5:37,6:55,12:58,16:17,18:58,20:09
28/10/2017,5:27,5:37,6:55,12:58,16:17,18:58,20:09
29/10/2017,5:27,5:37,6:55,12:58,16:17,18:58,20:09
30/10/2017,5:27,5:37,6:55,12:58,16:17,18:58,20:09
31/10/2017,5:27,5:37,6:55,12:58,16:18,18:58,20:09
1/11/2017,5:27,5:37,6:55,12:58,16:18,18:58,20:09
2/11/2017,5:27,5:37,6:55,12:58,16:18,18:58,20:09
3/11/2017,5:27,5:37,6:55,12:58,16:18,18:58,20:09
4/11/2017,5:27,5:37,6:55,12:58,16:18,18:58,20:09
5/11/2017,5:27,5:37,6:55,12:58,16:19,18:57,20:09
6/11/2017,5:27,5:37,6:55,12:58,16:19,18:57,20:09
7/11/2017,5:27,5:37,6:55,12:58,16:19,18:57,20:09
8/11/2017,5:27,5:37,6:56,12:58,16:19,18:57,20:09
9/11/2017,5:27,5:37,6:56,12:58,16:19,18:57,20:09
10/11/2017,5:27,5:37,6:56,12:58,16:20,18:58,20:09
11/11/2017,5:27,5:37,6:56,12:58,16:20,18:58,20:10
12/11/2017,5:27,5:37,6:56,12:58,16:20,18:58,20:10
13/11/2017,5:27,5:37,6:56,12:59,16:20,18:58,20:10
14/11/2017,5:27,5:37,6:57,12:59,16:21,18:58,20:10
15/11/2017,5:27,5:37,6:57,12:59,16:21,18:58,20:10
16/11/2017,5:27,5:37,6:57,12:59,16:21,18:58,20:11
17/11/2017,5:27,5:37,6:57,12:59,16:21,18:58,20:11
18/11/2017,5:27,5:37,6:57,13:00,16:22,18:58,20:11
19/11/2017,5:27,5:37,6:58,13:00,16:22,18:59,20:12
20/11/2017,5:27,5:37,6:58,13:00,16:22,18:59,20:12
21/11/2017,5:28,5:38,6:58,13:00,16:23,18:59,20:12
22/11/2017,5:28,5:38,6:59,13:00,16:23,18:59,20:12
23/11/2017,5:28,5:38,6:59,13:01,16:23,18:59,20:13
24/11/2017,5:28,5:38,6:59,13:01,16:24,19:00,20:13
25/11/2017,5:28,5:38,7:00,13:01,16:24,19:00,20:13
26/11/2017,5:29,5:39,7:00,13:02,16:24,19:00,20:14
27/11/2017,5:29,5:39,7:00,13:02,16:25,19:01,20:14
28/11/2017,5:29,5:39,7:01,13:02,16:25,19:01,20:15
29/11/2017,5:30,5:40,7:01,13:03,16:26,19:01,20:15
30/11/2017,5:30,5:40,7:01,13:03,16:26,19:01,20:15
1/12/2017,5:30,5:40,7:02,13:03,16:26,19:02,20:16
2/12/2017,5:30,5:40,7:02,13:04,16:27,19:02,20:16
3/12/2017,5:31,5:41,7:03,13:04,16:27,19:03,20:17
4/12/2017,5:31,5:41,7:03,13:05,16:28,19:03,20:17
5/12/2017,5:31,5:41,7:03,13:05,16:28,19:03,20:18
6/12/2017,5:32,5:42,7:04,13:05,16:29,19:04,20:18
7/12/2017,5:32,5:42,7:04,13:06,16:29,19:04,20:19
8/12/2017,5:33,5:43,7:05,13:06,16:29,19:05,20:19
9/12/2017,5:33,5:43,7:05,13:07,16:30,19:05,20:20
10/12/2017,5:33,5:43,7:06,13:07,16:30,19:05,20:20
11/12/2017,5:34,5:44,7:06,13:08,16:31,19:06,20:20
12/12/2017,5:34,5:44,7:07,13:08,16:31,19:06,20:21
13/12/2017,5:35,5:45,7:07,13:08,16:32,19:07,20:21
14/12/2017,5:35,5:45,7:08,13:09,16:32,19:07,20:22
15/12/2017,5:36,5:46,7:08,13:09,16:33,19:08,20:22
16/12/2017,5:36,5:46,7:09,13:10,16:33,19:08,20:23
17/12/2017,5:36,5:46,7:09,13:10,16:34,19:09,20:23
18/12/2017,5:37,5:47,7:10,13:11,16:34,19:09,20:24
19/12/2017,5:37,5:47,7:10,13:11,16:35,19:10,20:24
20/12/2017,5:38,5:48,7:11,13:12,16:35,19:10,20:25
21/12/2017,5:38,5:48,7:11,13:12,16:36,19:11,20:25
22/12/2017,5:39,5:49,7:12,13:13,16:36,19:11,20:26
23/12/2017,5:39,5:49,7:12,13:13,16:37,19:12,20:26
24/12/2017,5:40,5:50,7:13,13:14,16:37,19:12,20:27
25/12/2017,5:40,5:50,7:13,13:14,16:38,19:13,20:27
26/12/2017,5:41,5:51,7:14,13:15,16:38,19:13,20:28
27/12/2017,5:41,5:51,7:14,13:15,16:39,19:14,20:28
28/12/2017,5:42,5:52,7:15,13:16,16:39,19:14,20:29
29/12/2017,5:42,5:52,7:15,13:16,16:40,19:15,20:29
30/12/2017,5:43,5:53,7:15,13:17,16:40,19:15,20:30
31/12/2017,5:43,5:53,7:16,13:17,16:41,19:16,20:30
